Nombre del Restaurante,Código Postal
Restaurante El Mirador,28001
Restaurante La Casa de Mar,50010
Restaurante El Sabor del Norte,60010
Restaurante La Parrilla del Valle,28020
Restaurante La Trattoria,06010
Restaurante El Asador de la Sierra,35005
Restaurante Sabores de la Costa,62012
Restaurante La Cueva de los Vinos,08015
Restaurante El Rincón del Sol,30006
Restaurante El Refugio,60020
Restaurante La Taberna del Río,41006
Restaurante La Brasa del Mar,28016
Restaurante El Cielo,63005
Restaurante La Pérgola,15005
Restaurante El Fogón de la Abuela,46005
tagliatella,67843
